Order Date,Orders,Revenue,Qty
2015-01-01,168,32806.09068969,355
2015-01-02,154,29818.2105754,354
2015-01-03,179,36348.71064799,392
2015-01-04,191,35738.970669141,410
2015-01-05,160,31067.91060268,373
2015-01-06,169,33395.7105771,368
2015-01-07,161,32923.22068822,350
2015-01-08,194,37590.17087039,387
2015-01-09,129,26004.93051718,308
2015-01-10,181,37053.860758329996,384
2015-01-11,169,34164.16064509,363
2015-01-12,198,41095.9106852,493
2015-01-13,173,35891.89062765,397
2015-01-14,161,30612.27051049,374
2015-01-15,176,32878.95064001,381
2015-01-16,170,32478.98063865,379
2015-01-17,160,30329.26063763,349
2015-01-18,170,34781.71068021,407
2015-01-19,164,33488.03065335,346
2015-01-20,166,32802.99052066,371
2015-01-21,188,38436.26073839,432
2015-01-22,185,38525.42079003,445
2015-01-23,172,34007.61064357,388
2015-01-24,165,31529.08064654,384
2015-01-25,165,32758.91063516,365
2015-01-26,181,35029.14061573,407
2015-01-27,173,34471.94066266,388
2015-01-28,174,32660.28064749,367
2015-01-29,168,32615.290586891,377
2015-01-30,171,34770.170727101,358
2015-01-31,187,35514.03066874,402
2015-02-01,181,33479.75071748,383
2015-02-02,160,31396.61059809,327
2015-02-03,168,33932.600653291,361
2015-02-04,158,28906.28055239,335
2015-02-05,174,32781.71065725,372
2015-02-06,185,36093.73080082,396
2015-02-07,182,34045.97066538,416
2015-02-08,166,29839.82065423,345
2015-02-09,174,32900.79062105,391
2015-02-10,190,38439.75081091,396
2015-02-11,148,27310.85054986,334
2015-02-12,139,26140.78053653,300
2015-02-13,172,37157.10072573,402
2015-02-14,143,27146.03057889,279
2015-02-15,185,39126.13083103,439
2015-02-16,172,34253.78059219,385
2015-02-17,164,32234.44059598,351
2015-02-18,162,33127.36061323,377
2015-02-19,171,34261.7805941,425
2015-02-20,161,31889.47057408,343
2015-02-21,190,40896.36080773,442
2015-02-22,168,30743.06056432,383
2015-02-23,170,36422.04065955,389
2015-02-24,165,33342.54065732,360
2015-02-25,172,32779.59061089,416
2015-02-26,172,34557.01066616,376
2015-02-27,156,30001.25062006,346
2015-02-28,181,33803.3006595,369
2015-03-01,198,38229.09070392,457
2015-03-02,187,36247.75071756,425
2015-03-03,190,32555.210669289998,400
2015-03-04,185,35756.750704289996,408
2015-03-05,171,33807.90067876,379
2015-03-06,165,32439.99061625,362
2015-03-07,184,35637.06064047,413
2015-03-08,174,35435.65066004,414
2015-03-09,183,34784.93063589,409
2015-03-10,164,35258.16074235,374
2015-03-11,141,27900.63056007,315
2015-03-12,181,35738.51066053,385
2015-03-13,172,32501.29078159,363
2015-03-14,184,38546.29062338,439
2015-03-15,148,29916.44060536,336
2015-03-16,159,32193.47063858,346
2015-03-17,167,33487.08066779,379
2015-03-18,169,34408.88066909,391
2015-03-19,188,36184.37063477,419
2015-03-20,141,27545.650554981,298
2015-03-21,174,33187.67060539,381
2015-03-22,172,32983.79060957,421
2015-03-23,161,29300.310585242,347
2015-03-24,158,30518.19054829,366
2015-03-25,161,30739.02057676,371
2015-03-26,167,33583.65059854,383
2015-03-27,159,31845.16057822,349
2015-03-28,181,34281.86064935,435
2015-03-29,191,38545.15079182,399
2015-03-30,207,40222.95084417,484
2015-03-31,180,37470.82078196,414
2015-04-01,194,39081.450870951,397
2015-04-02,167,32076.90060848,365
2015-04-03,180,35598.5906431,412
2015-04-04,164,32830.72066143,337
2015-04-05,156,28456.02055573,358
2015-04-06,151,30824.64060636,338
2015-04-07,178,34286.35059761,386
2015-04-08,170,33474.2907489,341
2015-04-09,179,35859.01075622,390
2015-04-10,200,39130.61078839,452
2015-04-11,176,35615.61067621,386
2015-04-12,175,35886.23067897,385
2015-04-13,163,33262.85068347,372
2015-04-14,178,35108.56064063,412
2015-04-15,162,32041.85052892,391
2015-04-16,184,35192.9506652,388
2015-04-17,182,36885.98070373,429
2015-04-18,156,28024.620598362,328
2015-04-19,203,42683.34083442,442
2015-04-20,170,33842.94067802,348
2015-04-21,131,24780.2104839,270
2015-04-22,173,33944.12060589,380
2015-04-23,150,29214.62050879,341
2015-04-24,174,34321.97065979,370
2015-04-25,155,31081.67058582,375
2015-04-26,177,36087.66061239,408
2015-04-27,169,32840.1807043,363
2015-04-28,152,34399.330719339996,329
2015-04-29,181,34452.93066042,406
2015-04-30,176,33177.06075684,388
2015-05-01,172,35425.40072442,389
2015-05-02,168,34121.92058952,382
2015-05-03,166,32271.22064206,374
2015-05-04,167,33350.29061938,372
2015-05-05,156,29233.94054978,349
2015-05-06,173,31336.36065305,369
2015-05-07,181,36981.52069685,421
2015-05-08,168,33990.61058084,380
2015-05-09,184,35200.10069281,402
2015-05-10,141,26743.63039054,327
2015-05-11,173,35627.43073686,388
2015-05-12,159,29922.54058121,328
2015-05-13,184,35730.12066278,409
2015-05-14,191,38607.32075682,461
2015-05-15,166,31891.13055052,376
2015-05-16,154,29713.17053494,336
2015-05-17,177,34767.81071126,399
2015-05-18,194,37263.56068844,430
2015-05-19,187,36669.85075237,403
2015-05-20,164,32943.47070367,350
2015-05-21,153,29816.01058012,352
2015-05-22,181,32962.57056048,396
2015-05-23,164,35028.99068454,384
2015-05-24,163,32412.77060182,364
2015-05-25,192,36091.81068273,408
2015-05-26,164,30902.42062979,368
2015-05-27,173,35500.29073947,375
2015-05-28,172,35197.91055879,412
2015-05-29,191,37743.8708007,412
2015-05-30,209,41780.52091079,433
2015-05-31,170,31249.87058513,353
2015-06-01,184,37639.59066086,412
2015-06-02,182,36395.0206226,398
2015-06-03,160,33124.46068399,397
2015-06-04,175,34009.610618681,404
2015-06-05,152,28250.56054483,330
2015-06-06,163,33899.39065626,346
2015-06-07,171,32717.12069133,362
2015-06-08,202,41056.00076132,446
2015-06-09,168,34560.5407438,314
2015-06-10,165,33341.64064466,340
2015-06-11,142,30810.63062701,314
2015-06-12,151,29999.590637441,320
2015-06-13,174,35050.30070884,344
2015-06-14,180,32270.36055959,390
2015-06-15,173,32883.65060282,395
2015-06-16,183,35532.59072316,404
2015-06-17,171,32805.1605835,376
2015-06-18,154,29245.200529089998,357
2015-06-19,171,33857.110664499996,371
2015-06-20,181,36557.6906765,400
2015-06-21,174,37072.47072085,407
2015-06-22,161,32080.66058976,351
2015-06-23,155,31579.41058361,344
2015-06-24,168,32606.69067398,361
2015-06-25,189,39761.11084055,377
2015-06-26,168,33478.0906449,376
2015-06-27,165,34897.97064813,357
2015-06-28,160,29411.13056177,368
2015-06-29,181,37251.34073696,402
2015-06-30,211,41861.070890741,440
2015-07-01,166,33470.82056814,398
2015-07-02,185,35616.90072306,402
2015-07-03,178,37560.45075642,422
2015-07-04,155,31927.430630079998,336
2015-07-05,167,34764.72063649,398
2015-07-06,155,30801.14067483,326
2015-07-07,172,35538.26071781,370
2015-07-08,167,30825.360561751,377
2015-07-09,184,33994.640593241,419
2015-07-10,173,34977.000725,397
2015-07-11,176,37512.74072326,391
2015-07-12,176,33988.11073885,366
2015-07-13,163,28077.590584319998,335
2015-07-14,213,44848.2208675,509
2015-07-15,177,33115.75062588,439
2015-07-16,182,34320.470758999996,362
2015-07-17,171,34444.350674119996,374
2015-07-18,165,32033.19051393,371
2015-07-19,173,33316.15066556,365
2015-07-20,157,31637.56061588,337
2015-07-21,188,34973.260574679996,418
2015-07-22,137,27354.87055977,306
2015-07-23,163,31025.77059958,360
2015-07-24,172,31738.48059686,367
2015-07-25,172,31012.08064475,362
2015-07-26,182,34877.68072722,420
2015-07-27,151,28559.45039206,373
2015-07-28,195,37259.62067804,421
2015-07-29,159,32077.64062524,350
2015-07-30,152,31942.31061004,364
2015-07-31,173,34489.16073251,365
2015-08-01,167,31025.19062104,342
2015-08-02,183,37345.79079102,382
2015-08-03,170,33286.84064892,381
2015-08-04,189,37221.39077418,416
2015-08-05,188,33144.18059364,400
2015-08-06,171,34768.22074019,349
2015-08-07,180,34600.75066553,412
2015-08-08,135,24152.85044473,298
2015-08-09,156,28626.51057677,343
2015-08-10,172,35151.99070969,391
2015-08-11,158,30227.33059143,354
2015-08-12,177,34366.700724011,399
2015-08-13,163,33031.17065631,387
2015-08-14,159,30948.66066971,346
2015-08-15,176,33908.35075251,376
2015-08-16,176,35620.85068341,397
2015-08-17,182,36599.670667831,390
2015-08-18,152,28977.54060358,347
2015-08-19,172,33696.57067926,379
2015-08-20,151,31590.72067709,313
2015-08-21,179,36573.04067827,395
2015-08-22,170,35628.99077465,370
2015-08-23,161,30628.82059132,333
2015-08-24,127,24407.24048837,278
2015-08-25,200,37450.47086045,397
2015-08-26,165,30048.17057247,364
2015-08-27,167,31003.33060677,401
2015-08-28,176,35822.96063811,451
2015-08-29,188,38115.76079774,419
2015-08-30,182,35451.92064907,378
2015-08-31,181,36072.70071069,424
2015-09-01,163,34701.89066193,371
2015-09-02,178,34307.48075506,330
2015-09-03,166,35013.030623201,387
2015-09-04,188,39918.68093517,367
2015-09-05,176,35725.06074161,374
2015-09-06,190,36282.38064969,444
2015-09-07,170,33133.09067367,374
2015-09-08,170,33425.01068324,360
2015-09-09,171,33320.230680579996,352
2015-09-10,146,29740.36056566,306
2015-09-11,169,31487.42055539,399
2015-09-12,182,35885.40071696,422
2015-09-13,172,32210.79068609,373
2015-09-14,167,32628.83051694,394
2015-09-15,148,31283.21067273,328
2015-09-16,183,33179.26057308,421
2015-09-17,158,30111.36061345,332
2015-09-18,173,33941.82058348,409
2015-09-19,165,31761.9806102,368
2015-09-20,184,35103.730680921,387
2015-09-21,171,33626.23070568,378
2015-09-22,181,36156.44072149,429
2015-09-23,182,35991.93070045,439
2015-09-24,165,33353.28066662,382
2015-09-25,162,30698.430582201,348
2015-09-26,176,36439.79069005,413
2015-09-27,183,36869.79077983,407
2015-09-28,167,34138.32067735,348
2015-09-29,156,32785.75065111,331
2015-09-30,178,35117.6106207,393
2015-10-01,201,38279.14078186,437
2015-10-02,173,33294.970715,407
2015-10-03,180,36644.72074575,357
2015-10-04,152,28932.06057009,332
2015-10-05,155,31295.19061666,370
2015-10-06,175,33932.61065849,433
2015-10-07,148,28936.8906081,324
2015-10-08,189,36152.69071588,410
2015-10-09,191,40360.02088597,401
2015-10-10,146,30976.66062003,322
2015-10-11,177,35254.600614689996,410
2015-10-12,170,36310.38077216,374
2015-10-13,187,37660.44057145,449
2015-10-14,169,32637.84070467,354
2015-10-15,171,34062.99061267,375
2015-10-16,156,29829.73062761,327
2015-10-17,163,31181.19064396,355
2015-10-18,185,36625.82068844,403
2015-10-19,178,34141.7006262,402
2015-10-20,164,31392.20048167,379
2015-10-21,168,34040.16064275,394
2015-10-22,147,27218.8905528,310
2015-10-23,157,32805.07062972,342
2015-10-24,157,31747.97057193,351
2015-10-25,167,30680.00058795,375
2015-10-26,153,28385.61048332,328
2015-10-27,217,45682.93082861,478
2015-10-28,184,36573.73074022,400
2015-10-29,171,33467.40080123,331
2015-10-30,182,35411.95066079,408
2015-10-31,169,35238.70067262,365
2015-11-01,157,31257.81061216,354
2015-11-02,199,42209.51094458,437
2015-11-03,168,33212.250753989996,352
2015-11-04,193,40000.01082276,445
2015-11-05,179,34196.99066938,397
2015-11-06,181,35966.03072972,385
2015-11-07,161,34385.5308119,325
2015-11-08,171,34069.590717761,388
2015-11-09,187,37376.80078944,389
2015-11-10,131,23221.62041474,308
2015-11-11,184,35274.83074216,383
2015-11-12,170,32199.54059053,389
2015-11-13,212,40782.06068881,488
2015-11-14,155,30261.21057755,359
2015-11-15,161,32323.430677551,352
2015-11-16,182,34957.69065672,407
2015-11-17,176,33913.67067542,389
2015-11-18,176,34666.600748771,353
2015-11-19,193,38061.48069408,443
2015-11-20,177,35883.64066725,384
2015-11-21,182,34640.77059238,393
2015-11-22,161,30552.28065126,346
2015-11-23,174,35668.70068587,378
2015-11-24,158,29345.62064412,314
2015-11-25,171,33205.08063722,394
2015-11-26,157,32472.79066116,339
2015-11-27,184,35183.67066215,376
2015-11-28,169,32677.0905747,371
2015-11-29,183,36552.69076545,427
2015-11-30,183,34601.240759151,398
2015-12-01,172,33162.02065116,367
2015-12-02,175,34008.91061417,383
2015-12-03,178,36310.00073684,402
2015-12-04,163,32070.36066454,369
2015-12-05,185,36163.19082317,362
2015-12-06,166,31802.22064646,337
2015-12-07,148,29726.380463081,318
2015-12-08,144,29134.53058258,313
2015-12-09,183,36622.67077875,414
2015-12-10,159,31620.210602389998,338
2015-12-11,174,33698.25062988,361
2015-12-12,174,35464.82062008,383
2015-12-13,184,37909.73073794,438
2015-12-14,178,35589.84087405,364
2015-12-15,181,36261.26062606,436
2015-12-16,183,35530.63063844,410
2015-12-17,136,27218.88051444,321
2015-12-18,163,31731.13066711,339
2015-12-19,173,34922.3606319,390
2015-12-20,167,31569.050600489998,377
2015-12-21,178,34754.92068926,377
2015-12-22,163,30779.56056041,357
2015-12-23,195,37724.50074597,437
2015-12-24,186,36846.42067553,422
2015-12-25,197,40193.12084604,436
2015-12-26,173,36098.90076458,412
2015-12-27,192,37610.63076435,415
2015-12-28,171,31313.93054831,367
2015-12-29,178,33997.12067258,371
2015-12-30,182,34174.8406149,388
2015-12-31,170,33830.48062934,386
2016-01-01,182,33344.290648,388
2016-01-02,165,32120.98064468,332
2016-01-03,186,37910.81073022,415
2016-01-04,155,29439.67068341,324
2016-01-05,147,27401.73043084,333
2016-01-06,178,34094.45064763,375
2016-01-07,181,37379.820768941,393
2016-01-08,161,34112.93057629,381
2016-01-09,175,34196.33066249,381
2016-01-10,152,28765.080532,348
2016-01-11,172,33784.09070825,333
2016-01-12,149,31512.37055598,357
2016-01-13,161,32956.4406131,338
2016-01-14,177,35649.84076174,411
2016-01-15,158,31090.62067842,312
2016-01-16,192,40865.27080954,425
2016-01-17,165,33114.04062165,375
2016-01-18,169,32805.1406522,371
2016-01-19,177,33503.8706462,378
2016-01-20,165,31252.58067,340
2016-01-21,185,34581.82070182,412
2016-01-22,177,35813.00067728,390
2016-01-23,174,33015.950683661,391
2016-01-24,182,37827.88076261,403
2016-01-25,182,34879.37062273,396
2016-01-26,199,41137.07079935,455
2016-01-27,180,34915.06070538,393
2016-01-28,150,28033.530445559998,338
2016-01-29,159,30217.51057479,364
2016-01-30,198,39650.39082778,397
2016-01-31,164,30936.30065767,348
2016-02-01,173,32677.56076283,342
2016-02-02,159,31619.980640961,343
2016-02-03,164,33339.04066488,375
2016-02-04,154,32708.37067081,331
2016-02-05,156,32233.77055591,359
2016-02-06,160,30975.31060855,344
2016-02-07,190,37128.56071916,410
2016-02-08,163,32532.87064378,382
2016-02-09,179,36675.92072332,371
2016-02-10,165,31947.15056058,379
2016-02-11,169,32016.77054984,388
2016-02-12,151,28719.74057612,323
2016-02-13,155,28739.00048096,373
2016-02-14,162,30413.28053481,374
2016-02-15,147,27243.72054884,310
2016-02-16,178,36864.480772211,391
2016-02-17,186,36247.30073055,404
2016-02-18,181,37417.65067919,395
2016-02-19,195,37429.75076119,409
2016-02-20,172,35736.39074535,389
2016-02-21,166,35052.30066314,369
2016-02-22,179,36344.89078943,376
2016-02-23,180,36739.7207777,409
2016-02-24,158,29209.01045456,379
2016-02-25,154,29687.8906368,302
2016-02-26,179,36819.19063224,427
2016-02-27,163,31626.46072414,305
2016-02-28,171,33213.310699839996,353
2016-02-29,185,37183.45071772,453
2016-03-01,153,29808.560609971,336
2016-03-02,157,31729.48059896,351
2016-03-03,188,36376.64077619,423
2016-03-04,175,33050.01063178,382
2016-03-05,166,33904.9506689,374
2016-03-06,185,34094.040663171,403
2016-03-07,173,33380.08063148,371
2016-03-08,147,29482.6406599,320
2016-03-09,174,34183.08066421,383
2016-03-10,197,40711.75092194,394
2016-03-11,150,28515.23058893,330
2016-03-12,157,31793.04062481,362
2016-03-13,144,26273.81050508,289
2016-03-14,149,28661.50057065,319
2016-03-15,164,32668.19060365,353
2016-03-16,150,31193.42063543,335
2016-03-17,170,31622.30053186,372
2016-03-18,212,43284.34091011,471
2016-03-19,169,33458.440666591,347
2016-03-20,174,37236.15085273,356
2016-03-21,160,30284.36066884,335
2016-03-22,142,29416.8306011,303
2016-03-23,144,27102.62052544,317
2016-03-24,179,33247.28070114,352
2016-03-25,194,36385.8707506,425
2016-03-26,184,37920.75076541,424
2016-03-27,175,35053.86070665,371
2016-03-28,170,32808.30072991,374
2016-03-29,153,32020.22068026,339
2016-03-30,186,37293.67083943,433
2016-03-31,169,32891.69053285,405
2016-04-01,192,37839.45073729,447
2016-04-02,165,31483.56061562,353
2016-04-03,161,32504.45054867,338
2016-04-04,154,29801.74069056,296
2016-04-05,173,36407.26072532,414
2016-04-06,172,36413.41077862,362
2016-04-07,174,33466.15070557,371
2016-04-08,163,32648.41062797,347
2016-04-09,174,33810.11074109,362
2016-04-10,184,36693.50064499,423
2016-04-11,199,37556.330789721,429
2016-04-12,183,34179.71073769,388
2016-04-13,186,34125.97064987,414
2016-04-14,162,31003.43065491,342
2016-04-15,176,37098.57074004,429
2016-04-16,178,34923.000717581,391
2016-04-17,156,33504.31064107,318
2016-04-18,198,38883.38074902,482
2016-04-19,169,33478.86063605,350
2016-04-20,176,33413.42061041,415
2016-04-21,188,39312.84068141,442
2016-04-22,148,29606.520470081,326
2016-04-23,178,35940.740741839996,393
2016-04-24,172,32097.07066749,365
2016-04-25,166,33970.04064002,403
2016-04-26,153,27051.690550209998,315
2016-04-27,149,28822.87061916,317
2016-04-28,167,31918.15069998,351
2016-04-29,148,28410.9005854,311
2016-04-30,133,24845.72038071,314
2016-05-01,166,32454.66057228,393
2016-05-02,139,27662.87050236,325
2016-05-03,156,29417.58059534,316
2016-05-04,163,32143.2807435,347
2016-05-05,165,32884.250708141,359
2016-05-06,160,32696.050621641,365
2016-05-07,171,34065.9806103,402
2016-05-08,185,33809.70065145,416
2016-05-09,169,32363.80064216,389
2016-05-10,148,28391.64055302,303
2016-05-11,183,36805.02078864,395
2016-05-12,189,37778.66081439,421
2016-05-13,187,32200.43065678,395
2016-05-14,183,36491.510781121,366
2016-05-15,202,39136.44078834,435
2016-05-16,187,39168.39079708,426
2016-05-17,153,31909.94073509,308
2016-05-18,157,33527.23056853,372
2016-05-19,164,30648.64065013,350
2016-05-20,179,33343.65066166,384
2016-05-21,173,32987.9305807,392
2016-05-22,193,37808.380749179996,412
2016-05-23,169,30956.10068924,350
2016-05-24,183,34061.85069159,378
2016-05-25,155,30182.00059377,320
2016-05-26,150,28609.47058872,330
2016-05-27,176,33743.76067551,393
2016-05-28,176,31724.10059402,401
2016-05-29,157,31890.84062625,352
2016-05-30,190,37561.04082502,396
2016-05-31,174,32974.99066737,412
2016-06-01,165,33351.84070068,356
2016-06-02,158,29810.25060097,357
2016-06-03,168,32507.030605699998,347
2016-06-04,184,37360.23069782,442
2016-06-05,156,30478.84065652,327
2016-06-06,174,33256.20061533,388
2016-06-07,180,36439.000732989996,385
2016-06-08,162,32675.8307464,329
2016-06-09,143,26863.83049617,318
2016-06-10,195,39040.74073809,417
2016-06-11,174,35802.36072242,347
2016-06-12,155,31188.4106527,347
2016-06-13,169,34517.98071696,375
2016-06-14,168,34426.66060302,368
2016-06-15,182,35742.34081105,372
2016-06-16,161,31877.45059282,353
2016-06-17,148,27981.53051621,326
2016-06-18,164,33419.23067511,379
2016-06-19,158,33465.59072297,321
2016-06-20,166,31543.12062874,354
2016-06-21,170,35228.0907484,350
2016-06-22,182,38561.10067608,432
2016-06-23,167,33482.02066095,363
2016-06-24,156,30027.5106623,354
2016-06-25,175,33773.17066025,404
2016-06-26,199,38066.91074585,430
2016-06-27,180,34076.57060654,396
2016-06-28,185,34474.100685561,385
2016-06-29,156,31569.26078629,330
2016-06-30,154,32052.34054011,356
2016-07-01,169,32933.7206288,395
2016-07-02,167,32698.19070687,346
2016-07-03,189,37485.34067552,407
2016-07-04,155,31040.75054612,321
2016-07-05,165,33845.54061746,399
2016-07-06,190,35758.92074785,406
2016-07-07,184,35616.71076217,429
2016-07-08,167,33802.24073436,356
2016-07-09,170,33538.99064118,369
2016-07-10,168,33234.99062561,352
2016-07-11,179,36186.89073592,419
2016-07-12,164,32409.06062513,360
2016-07-13,150,27663.76056501,320
2016-07-14,185,36938.38082564,392
2016-07-15,139,27581.79051975,342
2016-07-16,189,37074.96068412,462
2016-07-17,198,39920.30078575,420
2016-07-18,193,41643.29081383,451
2016-07-19,161,34104.490750079996,330
2016-07-20,169,30895.42066396,358
2016-07-21,170,32393.16059512,371
2016-07-22,174,34599.890642469996,387
2016-07-23,147,28310.560574,324
2016-07-24,179,36036.16071774,375
2016-07-25,166,31897.290649849998,361
2016-07-26,174,32687.59061672,375
2016-07-27,173,32865.99059907,387
2016-07-28,191,36797.04078861,393
2016-07-29,168,33262.24069837,378
2016-07-30,159,31348.2406826,345
2016-07-31,153,31143.71064232,322
2016-08-01,157,30569.39057775,358
2016-08-02,135,27697.16045977,299
2016-08-03,196,36946.71072194,439
2016-08-04,140,27781.580520839998,312
2016-08-05,183,34427.82066334,428
2016-08-06,194,43797.20086336,457
2016-08-07,177,34130.93065125,363
2016-08-08,161,31682.44072365,336
2016-08-09,180,33608.19068368,406
2016-08-10,145,27396.93052493,313
2016-08-11,189,36045.76071347,439
2016-08-12,184,35317.900680951,432
2016-08-13,160,28192.9505733,331
2016-08-14,157,31948.4806843,335
2016-08-15,166,32664.35067023,339
2016-08-16,164,31506.6906687,343
2016-08-17,194,37331.49072479,425
2016-08-18,199,39298.53081737,418
2016-08-19,157,29175.42067172,323
2016-08-20,191,39721.31075704,436
2016-08-21,171,34774.61068945,401
2016-08-22,185,35888.890755531,403
2016-08-23,156,31014.67055725,361
2016-08-24,165,32637.4207193,346
2016-08-25,191,38971.59075772,424
2016-08-26,154,29033.42054734,341
2016-08-27,167,32966.18072917,365
2016-08-28,176,34184.40079979,333
2016-08-29,173,33783.41072124,352
2016-08-30,176,36621.85073143,396
2016-08-31,191,39082.56075301,429
2016-09-01,155,28378.26054807,324
2016-09-02,165,31592.95062458,367
2016-09-03,175,34293.90075177,370
2016-09-04,174,32131.16064295,390
2016-09-05,176,33109.76074067,374
2016-09-06,183,35162.780731361,425
2016-09-07,184,34912.90067919,385
2016-09-08,158,30476.49053805,343
2016-09-09,183,35446.66071348,407
2016-09-10,152,30672.01067554,329
2016-09-11,158,28585.76058393,324
2016-09-12,173,33140.14058354,389
2016-09-13,161,30704.44063801,332
2016-09-14,169,32138.12062267,364
2016-09-15,165,33118.66066172,377
2016-09-16,205,43967.24091011,459
2016-09-17,195,38942.700800419996,427
2016-09-18,209,40619.610687581,478
2016-09-19,162,32619.00072504,368
2016-09-20,183,36156.87069165,422
2016-09-21,155,28850.42049997,337
2016-09-22,185,34666.830734581,394
2016-09-23,179,34599.54082148,346
2016-09-24,160,31814.33053618,363
2016-09-25,160,31228.10059763,368
2016-09-26,170,33036.00062962,371
2016-09-27,144,28860.44055781,326
2016-09-28,179,34868.030745271,361
2016-09-29,187,36959.65068085,413
2016-09-30,156,31344.27058429,351
2016-10-01,179,34351.72051269,421
2016-10-02,186,35704.80063467,449
2016-10-03,166,34458.790636571,365
2016-10-04,177,34510.70068245,391
2016-10-05,142,28651.66053778,320
2016-10-06,178,33450.62064352,413
2016-10-07,147,30110.39064081,317
2016-10-08,182,33397.07076481,377
2016-10-09,139,26506.81052446,312
2016-10-10,188,39706.33090083,391
2016-10-11,178,34025.8005948,414
2016-10-12,160,31596.02060916,364
2016-10-13,187,35867.580736769996,401
2016-10-14,197,36341.16055151,443
2016-10-15,185,35892.570654691,438
2016-10-16,162,29508.46053565,351
2016-10-17,157,32004.45059641,341
2016-10-18,155,31538.62065731,326
2016-10-19,168,31776.01059385,384
2016-10-20,206,39260.68072978,435
2016-10-21,192,36829.44073131,429
2016-10-22,189,36322.55076049,409
2016-10-23,162,31533.02064344,369
2016-10-24,185,36135.56071699,422
2016-10-25,176,35338.400742,363
2016-10-26,179,33027.99062736,389
2016-10-27,187,35941.450703149996,416
2016-10-28,175,35079.77075,370
2016-10-29,174,35628.65069825,407
2016-10-30,174,31655.07063511,363
2016-10-31,166,31978.39065988,346
2016-11-01,153,29101.33061993,321
2016-11-02,192,38409.89076244,409
2016-11-03,190,40937.95085779,427
2016-11-04,165,34275.9906388,393
2016-11-05,168,33324.19067207,360
2016-11-06,167,34720.49075742,361
2016-11-07,206,40817.43079259,425
2016-11-08,169,34857.02069526,379
2016-11-09,162,31226.03055019,373
2016-11-10,134,24866.0605497,260
2016-11-11,205,39514.30088056,461
2016-11-12,193,37062.49071182,404
2016-11-13,157,32196.21064832,312
2016-11-14,153,30584.64053956,336
2016-11-15,155,31721.15067899,353
2016-11-16,147,27816.29051972,316
2016-11-17,199,42644.21085595,469
2016-11-18,171,33635.20074681,367
2016-11-19,170,33618.02067952,381
2016-11-20,193,38783.22077962,451
2016-11-21,176,35733.750738441,393
2016-11-22,175,37611.80068655,438
2016-11-23,158,31516.20064369,344
2016-11-24,171,34236.19073906,349
2016-11-25,191,37923.37072993,437
2016-11-26,183,35453.13076826,379
2016-11-27,173,36747.51061085,400
2016-11-28,172,35953.27077534,371
2016-11-29,182,38242.78070892,434
2016-11-30,180,34060.01073651,390
2016-12-01,153,31823.20060003,350
2016-12-02,171,34039.960709,374
2016-12-03,180,32822.22064984,362
2016-12-04,181,36199.62077155,413
2016-12-05,174,32352.85065718,372
2016-12-06,173,35129.04072421,390
2016-12-07,168,33369.910568549996,390
2016-12-08,169,32613.9305825,388
2016-12-09,156,30347.120506921,372
2016-12-10,179,35927.91076867,427
2016-12-11,174,34378.57062405,377
2016-12-12,179,32886.92066411,379
2016-12-13,162,32081.31065201,354
2016-12-14,153,29858.07057946,353
2016-12-15,166,30951.42070223,349
2016-12-16,172,31911.820661551,381
2016-12-17,174,33285.71061131,388
2016-12-18,173,34371.78063948,421
2016-12-19,160,33800.58067915,373
2016-12-20,153,30012.19048887,375
2016-12-21,158,28712.03051413,345
2016-12-22,162,32604.14053927,405
2016-12-23,170,35516.69069171,376
2016-12-24,168,32960.92062818,369
2016-12-25,194,36181.52064204,420
2016-12-26,162,32306.63063291,326
2016-12-27,188,39764.590786759996,424
2016-12-28,193,38874.38076269,425
2016-12-29,154,31390.04067798,357
2016-12-30,183,35207.96063676,385
2016-12-31,167,35725.1207719,354
2017-01-01,141,29470.950546519998,331
2017-01-02,167,32905.43066983,383
2017-01-03,150,27856.230552959998,338
2017-01-04,161,32390.40067946,316
2017-01-05,160,30528.45056164,325
2017-01-06,173,32788.17066005,383
2017-01-07,179,35970.960718531,378
2017-01-08,186,38167.45078118,416
2017-01-09,173,31281.870609901,361
2017-01-10,172,36031.00071537,378
2017-01-11,169,32745.97070386,369
2017-01-12,182,36464.29069935,432
2017-01-13,166,33520.85073345,348
2017-01-14,174,33692.78056749,403
2017-01-15,160,30384.96065542,345
2017-01-16,173,35957.68073491,399
2017-01-17,160,32197.11059039,389
2017-01-18,186,38476.56060454,487
2017-01-19,163,31240.410614379998,347
2017-01-20,189,37507.01085343,372
2017-01-21,165,32251.480612299998,365
2017-01-22,158,32450.41063914,369
2017-01-23,161,33079.95062067,377
2017-01-24,164,31213.96055998,378
2017-01-25,168,33390.99062366,394
2017-01-26,181,32012.89071462,380
2017-01-27,160,33721.76061151,360
2017-01-28,177,32945.75064311,386
2017-01-29,163,33376.22051665,363
2017-01-30,165,31958.1206509,359
2017-01-31,171,33717.94070252,374
2017-02-01,186,39458.350735089996,418
2017-02-02,185,40632.81073261,434
2017-02-03,185,37941.46068242,418
2017-02-04,180,35675.84074422,379
2017-02-05,178,37234.63065023,413
2017-02-06,179,38876.15070924,430
2017-02-07,183,36898.06065597,413
2017-02-08,179,37288.79072839,396
2017-02-09,166,33630.6006989,351
2017-02-10,184,37352.59074653,420
2017-02-11,151,30740.54063426,329
2017-02-12,145,28798.03050461,331
2017-02-13,170,33908.77060156,404
2017-02-14,138,25452.05056038,270
2017-02-15,176,36371.380691761,429
2017-02-16,165,32351.44068729,342
2017-02-17,168,33930.86063784,397
2017-02-18,188,41563.70076621,421
2017-02-19,176,35819.7305814,407
2017-02-20,190,39315.28075842,425
2017-02-21,196,37637.77068765,442
2017-02-22,179,35221.81062878,410
2017-02-23,175,34327.04052754,423
2017-02-24,179,34309.7505953,407
2017-02-25,181,36519.71075867,418
2017-02-26,175,33607.33065466,381
2017-02-27,163,33517.40071671,369
2017-02-28,186,34153.010713711,393
2017-03-01,164,32260.4905759,374
2017-03-02,173,34267.46071711,376
2017-03-03,194,39669.74083396,413
2017-03-04,167,31721.41072857,350
2017-03-05,175,32725.23062922,379
2017-03-06,175,33689.71062873,387
2017-03-07,190,35740.80067677,429
2017-03-08,151,30888.6507191,317
2017-03-09,175,36844.090797840996,385
2017-03-10,191,36946.80062733,421
2017-03-11,161,30499.95052525,376
2017-03-12,171,33422.99063912,386
2017-03-13,170,34587.41071016,359
2017-03-14,163,32659.10066438,354
2017-03-15,155,30858.12058686,356
2017-03-16,199,39888.51081701,427
2017-03-17,165,31101.97053351,379
2017-03-18,173,34254.87073198,383
2017-03-19,188,37500.46085016,414
2017-03-20,170,33856.10071596,375
2017-03-21,164,30904.130680539998,356
2017-03-22,169,32656.08060472,378
2017-03-23,181,33759.75060834,424
2017-03-24,144,29699.81060261,305
2017-03-25,169,36155.01086669,354
2017-03-26,160,31208.07070578,318
2017-03-27,157,28501.95049509,337
2017-03-28,171,32685.02066251,351
2017-03-29,206,39602.36076214,431
2017-03-30,181,35660.71071674,404
2017-03-31,175,33788.01065126,378
2017-04-01,171,34502.04076669,357
2017-04-02,171,34208.08066227,376
2017-04-03,182,34925.00066542,445
2017-04-04,175,33586.65062193,376
2017-04-05,179,34204.20062842,410
2017-04-06,143,27154.890623389998,291
2017-04-07,172,35073.200773669996,362
2017-04-08,165,33266.53069933,336
2017-04-09,205,37276.74079198,417
2017-04-10,146,27972.7405877,304
2017-04-11,174,33700.58059894,379
2017-04-12,197,37129.820816641,406
2017-04-13,154,30071.70060943,307
2017-04-14,171,35699.9406322,393
2017-04-15,181,36441.55070711,413
2017-04-16,165,31502.2106287,349
2017-04-17,181,36561.12075273,392
2017-04-18,178,37533.00087026,378
2017-04-19,183,37701.49081451,402
2017-04-20,150,28700.63056783,346
2017-04-21,184,35222.71065566,390
2017-04-22,183,35878.44066981,404
2017-04-23,184,39823.68078678,400
2017-04-24,167,33730.40077284,331
2017-04-25,169,35980.58054338,400
2017-04-26,174,35192.30065228,343
2017-04-27,181,35274.2906917,353
2017-04-28,170,35357.94075028,370
2017-04-29,166,35703.97069596,357
2017-04-30,191,38945.18083221,402
2017-05-01,182,38851.37087704,359
2017-05-02,201,44590.46077076,424
2017-05-03,159,31363.3906517,298
2017-05-04,159,32379.24067326,326
2017-05-05,191,39338.1908575,370
2017-05-06,171,34812.05071296,377
2017-05-07,182,38425.5007631,400
2017-05-08,162,34170.3307347,317
2017-05-09,189,38277.18080972,343
2017-05-10,169,34830.28063232,364
2017-05-11,157,31311.68066096,313
2017-05-12,162,35790.5607075,340
2017-05-13,172,35415.09066414,360
2017-05-14,176,37165.5006873,377
2017-05-15,203,41173.56088696,391
2017-05-16,175,36428.7806512,406
2017-05-17,148,30238.84056512,318
2017-05-18,159,34181.58068518,323
2017-05-19,165,33799.21060971,358
2017-05-20,160,31481.67058214,350
2017-05-21,154,31594.62060224,305
2017-05-22,213,43404.7008143,458
2017-05-23,156,31256.39061482,318
2017-05-24,171,35006.07062226,341
2017-05-25,187,38783.58072364,405
2017-05-26,160,35474.69072778,324
2017-05-27,160,36539.04079856,341
2017-05-28,131,26946.28060948,263
2017-05-29,178,37469.54073752,405
2017-05-30,205,43221.0508502,445
2017-05-31,160,31764.88061202,314
2017-06-01,193,43599.9808092,419
2017-06-02,182,36135.56077268,339
2017-06-03,178,36046.34074862,355
2017-06-04,156,30377.62054858,324
2017-06-05,157,31598.6505744,306
2017-06-06,153,31857.58058582,300
2017-06-07,155,32567.65055524,347
2017-06-08,159,32722.54069196,320
2017-06-09,153,31970.05069774,313
2017-06-10,158,32764.25069094,328
2017-06-11,189,36948.63066544,397
2017-06-12,163,34625.15073436,327
2017-06-13,189,41062.94081938,385
2017-06-14,163,37390.76073132,346
2017-06-15,134,25757.34053808,275
2017-06-16,157,33239.92073096,314
2017-06-17,164,33739.40066586,333
2017-06-18,139,27370.14053762,262
2017-06-19,166,34026.7807353,342
2017-06-20,150,33028.98076312,299
2017-06-21,177,38735.75073688,388
2017-06-22,178,37168.06065808,356
2017-06-23,195,40609.71084294,403
2017-06-24,174,35851.2907105,371
2017-06-25,167,38131.31076482,364
2017-06-26,173,35609.58065088,362
2017-06-27,176,37360.40078824,324
2017-06-28,142,29268.0005001,316
2017-06-29,159,30257.380516279998,338
2017-06-30,152,32264.73054548,341
2017-07-01,165,37269.23062222,349
2017-07-02,220,44554.8808366,475
2017-07-03,183,37849.28087658,363
2017-07-04,163,35844.94068578,365
2017-07-05,187,38244.65068505,383
2017-07-06,179,37948.56071882,376
2017-07-07,189,41165.1107716,414
2017-07-08,149,28744.47054332,301
2017-07-09,158,31574.5506444,318
2017-07-10,145,29844.13063492,272
2017-07-11,203,39424.37084262,404
2017-07-12,169,34565.37066706,331
2017-07-13,169,34346.12062857,366
2017-07-14,148,31079.52060372,305
2017-07-15,174,37558.28058692,407
2017-07-16,155,31869.53066702,319
2017-07-17,170,34718.19060966,365
2017-07-18,176,35633.84074475,350
2017-07-19,163,33618.41064134,347
2017-07-20,182,38374.68077542,370
2017-07-21,176,35492.52061136,362
2017-07-22,198,41125.5007255,425
2017-07-23,176,39167.51077718,378
2017-07-24,172,35345.3406758,342
2017-07-25,174,35233.92062448,361
2017-07-26,152,30779.66060316,327
2017-07-27,146,30599.40049038,326
2017-07-28,184,37443.90068868,379
2017-07-29,161,35946.26064742,332
2017-07-30,168,34849.41069076,342
2017-07-31,164,34161.81065816,337
2017-08-01,177,38020.12073971,371
2017-08-02,172,34165.31073072,333
2017-08-03,170,32615.60064715,351
2017-08-04,182,38104.3306085,400
2017-08-05,184,36351.33065034,377
2017-08-06,147,31598.58062786,326
2017-08-07,149,30545.87058302,309
2017-08-08,164,35766.53070894,328
2017-08-09,175,34648.91065272,370
2017-08-10,174,39790.9407355,404
2017-08-11,188,38809.88084102,374
2017-08-12,154,32725.49065436,327
2017-08-13,181,37437.890709319996,350
2017-08-14,165,37513.3107153,358
2017-08-15,164,32639.26057844,348
2017-08-16,167,32924.46061752,341
2017-08-17,180,40300.13090998,345
2017-08-18,170,34183.16059514,344
2017-08-19,159,34323.31073792,336
2017-08-20,172,35528.15069231,353
2017-08-21,193,41921.78084622,409
2017-08-22,182,37454.11077179,358
2017-08-23,186,37395.87075112,358
2017-08-24,184,38934.77066468,391
2017-08-25,143,31605.87064424,306
2017-08-26,195,41758.01077312,426
2017-08-27,167,33135.68062266,324
2017-08-28,161,33082.43055801,341
2017-08-29,158,33368.06051266,375
2017-08-30,180,39203.74078052,390
2017-08-31,162,33484.27059602,372
2017-09-01,180,38641.08076114,408
2017-09-02,173,34302.70071064,375
2017-09-03,183,37738.50076704,391
2017-09-04,163,33926.25063772,336
2017-09-05,178,38506.92063928,372
2017-09-06,165,35146.4107103,345
2017-09-07,146,31225.78052954,301
2017-09-08,168,33647.70060001,364
2017-09-09,175,36899.04080638,365
2017-09-10,186,39494.07081654,386
2017-09-11,190,43296.07059834,387
2017-09-12,190,42026.2005847,358
2017-09-13,180,39076.5906485,336
2017-09-14,172,36366.13056194,327
2017-09-15,165,36216.42032596,322
2017-09-16,170,35456.56058118,307
2017-09-17,177,38006.42062756,344
2017-09-18,156,34946.61047764,300
2017-09-19,169,36226.37049874,332
2017-09-20,187,39575.83044396,383
2017-09-21,181,41876.2406197,372
2017-09-22,155,36546.4904709,314
2017-09-23,165,38566.2505913,348
2017-09-24,177,39926.25057986,364
2017-09-25,179,41216.150574,333
2017-09-26,199,41596.11059164,401
2017-09-27,140,32756.71043392,293
2017-09-28,166,39476.35041056,338
2017-09-29,176,42376.98055622,321
2017-09-30,178,48715.91046798,379
2017-10-01,165,49146.50047962,333
2017-10-02,104,26234.2101064,171
2017-10-03,68,2113.43999456,68
2017-10-04,69,2144.5199944799997,69
2017-10-05,68,2113.43999456,68
2017-10-06,69,2144.5199944799997,69
2017-10-07,68,3989.44012253,68
2017-10-08,69,1495.86002529,69
2017-10-09,68,767.7199972799999,68
2017-10-10,69,26342.51049256,69
2017-10-11,68,30738.720578,68
2017-10-12,69,31190.7605865,69
2017-10-13,68,30738.720578,68
2017-10-14,69,31190.7605865,69
2017-10-15,68,30738.720578,68
2017-10-16,69,31190.7605865,69
2017-10-17,68,30738.720578,68
2017-10-18,69,28247.6205121,69
2017-10-19,68,24282.800414799996,68
2017-10-20,69,24639.900420899998,69
2017-10-21,68,24282.800414799996,68
2017-10-22,69,24639.900420899998,69
2017-10-23,68,24282.800414799996,68
2017-10-24,69,24639.900420899998,69
2017-10-25,68,24282.800414799996,68
2017-10-26,69,89785.2000732,69
2017-10-27,68,102000.0,68
2017-10-28,69,103500.0,69
2017-10-29,68,102000.0,68
2017-10-30,69,103500.0,69
2017-10-31,68,40891.1202401,68
2017-11-01,69,17448.7203381,69
2017-11-02,68,17195.840333199998,68
2017-11-03,69,17448.7203381,69
2017-11-04,68,25122.640564999998,68
2017-11-05,69,31842.120758999998,69
2017-11-06,68,31380.640747999998,68
2017-11-07,69,27979.8206797,69
2017-11-08,68,11177.8403332,68
2017-11-09,69,11342.2203381,69
2017-11-10,68,11177.8403332,68
2017-11-11,69,11342.2203381,69
2017-11-12,68,11177.8403332,68
2017-11-13,69,32329.6210335,69
2017-11-14,68,36215.441162799994,68
2017-11-15,69,36748.021179899995,69
2017-11-16,68,36215.441162799994,68
2017-11-17,69,36748.021179899995,69
2017-11-18,68,33580.5010682,68
2017-11-19,69,20219.7605865,69
2017-11-20,68,19926.720578,68
2017-11-21,69,20219.7605865,69
2017-11-22,68,16145.9804676,68
2017-11-23,69,14548.6504209,69
2017-11-24,68,14636.6003416,68
2017-11-25,69,17984.849579100002,69
2017-11-26,68,17724.199585200004,68
2017-11-27,69,17984.849579100002,69
2017-11-28,68,17724.199585200004,68
2017-11-29,69,7586.10002927,69
2017-11-30,68,5739.20010404,68
2017-12-01,69,5823.60010557,69
2017-12-02,68,10119.5000765,68
2017-12-03,69,22614.75,69
2017-12-04,68,19124.8999996,68
2017-12-05,69,796.25999724,69
2017-12-06,68,784.7199972799999,68
2017-12-07,69,796.25999724,69
2017-12-08,68,1659.22999852,68
2017-12-09,69,2742.75,69
2017-12-10,68,2703.0,68
2017-12-11,69,4327.3800657,69
2017-12-12,68,14675.760496399998,68
2017-12-13,69,14891.5805037,69
2017-12-14,68,14675.760496399998,68
2017-12-15,69,12859.44042252,69
2017-12-16,68,2113.43999456,68
2017-12-17,69,3572.52009189,69
2017-12-18,68,4017.44012444,68
2017-12-19,69,1065.75000846,69
2017-12-20,68,767.7199972799999,68
2017-12-21,69,23833.21041872,69
2017-12-22,68,24282.800414799996,68
2017-12-23,69,84070.7001037,69
2017-12-24,68,67080.6401372,68
2017-12-25,69,17448.7203381,69
2017-12-26,68,21159.240449099998,68
2017-12-27,69,31842.120758999998,69
2017-12-28,68,31380.640747999998,68
2017-12-29,69,31842.120758999998,69
2017-12-30,68,19496.640504,68
2017-12-31,69,11342.2203381,69
2018-01-01,68,33638.0410774,68
2018-01-02,69,28603.6608875,69
2018-01-03,68,19926.720578,68
2018-01-04,69,17121.2402639,69
2018-01-05,68,17724.199585200004,68
2018-01-06,69,16222.349655400001,69
2018-01-07,68,5739.20010404,68
2018-01-08,69,5823.60010557,69
2018-01-09,68,5739.20010404,68
2018-01-10,69,15070.90004743,69
2018-01-11,68,22287.0,68
2018-01-12,69,22614.75,69
2018-01-13,68,12168.27999872,68
2018-01-14,69,796.25999724,69
2018-01-15,68,784.7199972799999,68
2018-01-16,69,796.25999724,69
2018-01-17,68,1659.22999852,68
2018-01-18,69,2742.75,69
2018-01-19,68,2703.0,68
2018-01-20,69,2742.75,69
2018-01-21,68,2703.0,68
2018-01-22,69,2742.75,69
2018-01-23,68,2703.0,68
2018-01-24,69,2742.75,69
2018-01-25,68,2703.0,68
2018-01-26,69,9609.4802847,69
2018-01-27,68,14675.760496399998,68
2018-01-28,69,14891.5805037,69
2018-01-29,68,14675.760496399998,68
2018-01-30,69,14891.5805037,69
2018-01-31,68,14407.34047446,68
